INSERT INTO card_numbers (id, display_name, value) VALUES
('510c8e10-2978-4f9c-b693-ec341e3302a3', '2', 2),
('c8f4cfc9-221a-4e0b-b569-5e1f06bb4fee', '3', 3),
('87c3e936-ac92-4339-893d-ee58c1ec349c', '4', 4),
('27c3dc96-cca5-4f45-bcc6-f17d45eca4cc', '5', 5),
('8e35b999-56fd-4966-8733-298d1d0c1297', '6', 6),
('e2d75f5c-ae77-4ade-b670-c711133183ab', '7', 7),
('334b42a3-1d1e-4b71-9b7d-e4001db8a973', '8', 8),
('ec13ea3a-b2b8-4b5f-a31c-9e3ff0fc4445', '9', 9),
('123f8319-b846-4a04-85f5-e0611aa60fab', 'T', 10),
('d8e6fb90-266d-4ca0-893b-a18347ff6d4a', 'J', 11),
('c6b6e231-16c4-4062-a717-2bd4a37fde3a', 'Q', 12),
('81fa3d3c-df41-4af6-a865-f085d58f3995', 'K', 13),
('642de39e-c481-4697-97a9-056469d94db9', 'A', 14);

INSERT INTO card_suits (id, display_name, value) VALUES
('b995cbe7-88c5-4b14-af06-d6426b916b22', 'c', 1),
('0cc04d67-cd9c-4e09-8aeb-8c232ac2c644', 'd', 2),
('5d712be7-24d8-41f9-8be5-c2e91ce78f85', 'h', 3),
('761005ca-dc38-44ba-9b9d-8f9c6ad7163c', 's', 4);

INSERT INTO cards (id, card_number_id, card_suit_id) VALUES
('fa3e57e3-272f-4460-ae76-1a29072aedfe', '510c8e10-2978-4f9c-b693-ec341e3302a3', 'b995cbe7-88c5-4b14-af06-d6426b916b22'),
('b093512c-e475-4786-943d-609e65b99542', 'c8f4cfc9-221a-4e0b-b569-5e1f06bb4fee', 'b995cbe7-88c5-4b14-af06-d6426b916b22'),
('64d58043-d5ac-4a7a-b3e1-dbd9fca2d434', '87c3e936-ac92-4339-893d-ee58c1ec349c', 'b995cbe7-88c5-4b14-af06-d6426b916b22'),
('21d651f4-93c0-4061-8269-2129b2649ff1', '27c3dc96-cca5-4f45-bcc6-f17d45eca4cc', 'b995cbe7-88c5-4b14-af06-d6426b916b22'),
('0099bc4e-3f4d-4bab-860d-4a045a6197bd', '8e35b999-56fd-4966-8733-298d1d0c1297', 'b995cbe7-88c5-4b14-af06-d6426b916b22'),
('f6117ff7-f13b-4f2c-9898-5076792104b2', 'e2d75f5c-ae77-4ade-b670-c711133183ab', 'b995cbe7-88c5-4b14-af06-d6426b916b22'),
('790a5b20-f0fe-4e16-a730-f676fb5c9f53', '334b42a3-1d1e-4b71-9b7d-e4001db8a973', 'b995cbe7-88c5-4b14-af06-d6426b916b22'),
('95a40484-1b81-4a36-b1eb-29861a9bf6c7', 'ec13ea3a-b2b8-4b5f-a31c-9e3ff0fc4445', 'b995cbe7-88c5-4b14-af06-d6426b916b22'),
('98dc58d5-780e-4fcd-a57e-236416306bb7', '123f8319-b846-4a04-85f5-e0611aa60fab', 'b995cbe7-88c5-4b14-af06-d6426b916b22'),
('04ca2c50-90c0-4eda-8516-4f6aa34a0438', 'd8e6fb90-266d-4ca0-893b-a18347ff6d4a', 'b995cbe7-88c5-4b14-af06-d6426b916b22'),
('5d1bda3e-305c-4b1e-badc-dd5529beaeaa', 'c6b6e231-16c4-4062-a717-2bd4a37fde3a', 'b995cbe7-88c5-4b14-af06-d6426b916b22'),
('fbcb1cf8-0466-40ad-9363-2842d6524b49', '81fa3d3c-df41-4af6-a865-f085d58f3995', 'b995cbe7-88c5-4b14-af06-d6426b916b22'),
('09536f1b-dc33-4ae5-a144-fa220b233399', '642de39e-c481-4697-97a9-056469d94db9', 'b995cbe7-88c5-4b14-af06-d6426b916b22'),
('67a050d9-e640-4f9f-91aa-a1f4dcdf626d', '510c8e10-2978-4f9c-b693-ec341e3302a3', '0cc04d67-cd9c-4e09-8aeb-8c232ac2c644'),
('7bf82811-b87a-463a-91dd-c9c968539aef', 'c8f4cfc9-221a-4e0b-b569-5e1f06bb4fee', '0cc04d67-cd9c-4e09-8aeb-8c232ac2c644'),
('55f4e7ee-302d-4efe-8fff-af2cb0da7b12', '87c3e936-ac92-4339-893d-ee58c1ec349c', '0cc04d67-cd9c-4e09-8aeb-8c232ac2c644'),
('60e6283f-aab9-449c-a167-15ae63c7e9c4', '27c3dc96-cca5-4f45-bcc6-f17d45eca4cc', '0cc04d67-cd9c-4e09-8aeb-8c232ac2c644'),
('f481ac46-588c-4e3e-a8bf-66b8c0d47913', '8e35b999-56fd-4966-8733-298d1d0c1297', '0cc04d67-cd9c-4e09-8aeb-8c232ac2c644'),
('73f97fc5-a05c-406a-b9be-fe6a81524716', 'e2d75f5c-ae77-4ade-b670-c711133183ab', '0cc04d67-cd9c-4e09-8aeb-8c232ac2c644'),
('350754cd-dad9-4618-9db1-f036ed2ab9ce', '334b42a3-1d1e-4b71-9b7d-e4001db8a973', '0cc04d67-cd9c-4e09-8aeb-8c232ac2c644'),
('de1e3444-c22f-491f-980e-3e4f2d6c27b0', 'ec13ea3a-b2b8-4b5f-a31c-9e3ff0fc4445', '0cc04d67-cd9c-4e09-8aeb-8c232ac2c644'),
('dc058637-4a65-4351-949c-9bb1eccb1b3b', '123f8319-b846-4a04-85f5-e0611aa60fab', '0cc04d67-cd9c-4e09-8aeb-8c232ac2c644'),
('8398a746-ed30-440a-b238-f12eaad3ce20', 'd8e6fb90-266d-4ca0-893b-a18347ff6d4a', '0cc04d67-cd9c-4e09-8aeb-8c232ac2c644'),
('afc09c18-7e0f-49be-927c-6c144176dba9', 'c6b6e231-16c4-4062-a717-2bd4a37fde3a', '0cc04d67-cd9c-4e09-8aeb-8c232ac2c644'),
('d965f83d-747c-459e-a798-b0f1266dcd76', '81fa3d3c-df41-4af6-a865-f085d58f3995', '0cc04d67-cd9c-4e09-8aeb-8c232ac2c644'),
('5032a845-09bd-4ed8-9421-3aa0ab34a111', '642de39e-c481-4697-97a9-056469d94db9', '0cc04d67-cd9c-4e09-8aeb-8c232ac2c644'),
('9f14579a-51e1-4fb7-ab35-84de63085dea', '510c8e10-2978-4f9c-b693-ec341e3302a3', '5d712be7-24d8-41f9-8be5-c2e91ce78f85'),
('b66eab9a-a955-4a2e-814b-58c8e5f2afa6', 'c8f4cfc9-221a-4e0b-b569-5e1f06bb4fee', '5d712be7-24d8-41f9-8be5-c2e91ce78f85'),
('fd61c221-c1ae-4710-816e-8561b5d30d3a', '87c3e936-ac92-4339-893d-ee58c1ec349c', '5d712be7-24d8-41f9-8be5-c2e91ce78f85'),
('5c84224e-6b3a-40d7-8a7d-01c3f99e3d70', '27c3dc96-cca5-4f45-bcc6-f17d45eca4cc', '5d712be7-24d8-41f9-8be5-c2e91ce78f85'),
('9765f7d8-087f-4270-9f73-b10bfeba4467', '8e35b999-56fd-4966-8733-298d1d0c1297', '5d712be7-24d8-41f9-8be5-c2e91ce78f85'),
('a31a6894-1df8-43e3-83e3-91c1085a7b07', 'e2d75f5c-ae77-4ade-b670-c711133183ab', '5d712be7-24d8-41f9-8be5-c2e91ce78f85'),
('4cda1350-803f-45a5-8dd1-4d4cc992e78d', '334b42a3-1d1e-4b71-9b7d-e4001db8a973', '5d712be7-24d8-41f9-8be5-c2e91ce78f85'),
('7b8762ce-2aeb-4507-b42a-e416f08e069c', 'ec13ea3a-b2b8-4b5f-a31c-9e3ff0fc4445', '5d712be7-24d8-41f9-8be5-c2e91ce78f85'),
('3a5e1cc5-7dd0-4a29-a7cc-5e6855159a7b', '123f8319-b846-4a04-85f5-e0611aa60fab', '5d712be7-24d8-41f9-8be5-c2e91ce78f85'),
('f7c2ef10-b4e7-4931-b737-fabec948825d', 'd8e6fb90-266d-4ca0-893b-a18347ff6d4a', '5d712be7-24d8-41f9-8be5-c2e91ce78f85'),
('b2fb5341-acc7-4b01-80a4-73d5562c0d43', 'c6b6e231-16c4-4062-a717-2bd4a37fde3a', '5d712be7-24d8-41f9-8be5-c2e91ce78f85'),
('aa2e0525-735d-4d4f-9876-bd30d16be86c', '81fa3d3c-df41-4af6-a865-f085d58f3995', '5d712be7-24d8-41f9-8be5-c2e91ce78f85'),
('aeff35b1-2f07-4403-a464-f131fd391c32', '642de39e-c481-4697-97a9-056469d94db9', '5d712be7-24d8-41f9-8be5-c2e91ce78f85'),
('e16a15d9-ffa4-427d-bf1d-a59453d9f99f', '510c8e10-2978-4f9c-b693-ec341e3302a3', '761005ca-dc38-44ba-9b9d-8f9c6ad7163c'),
('fb7fe773-9b32-4048-a38a-9a5ec96dbf90', 'c8f4cfc9-221a-4e0b-b569-5e1f06bb4fee', '761005ca-dc38-44ba-9b9d-8f9c6ad7163c'),
('6bd3d006-a6a8-4c0d-9f3e-66cec99ff2f3', '87c3e936-ac92-4339-893d-ee58c1ec349c', '761005ca-dc38-44ba-9b9d-8f9c6ad7163c'),
('b69245c2-1610-4766-a3aa-12276d2e014a', '27c3dc96-cca5-4f45-bcc6-f17d45eca4cc', '761005ca-dc38-44ba-9b9d-8f9c6ad7163c'),
('49b58f3f-9261-4c1b-a905-6d5c2701ca10', '8e35b999-56fd-4966-8733-298d1d0c1297', '761005ca-dc38-44ba-9b9d-8f9c6ad7163c'),
('febc79c7-41ab-452d-8c49-744b987e4ec4', 'e2d75f5c-ae77-4ade-b670-c711133183ab', '761005ca-dc38-44ba-9b9d-8f9c6ad7163c'),
('201408ec-76f2-41ff-a4c3-1e994daf3cba', '334b42a3-1d1e-4b71-9b7d-e4001db8a973', '761005ca-dc38-44ba-9b9d-8f9c6ad7163c'),
('d46d3ba6-3611-49d0-8dea-11d492a39425', 'ec13ea3a-b2b8-4b5f-a31c-9e3ff0fc4445', '761005ca-dc38-44ba-9b9d-8f9c6ad7163c'),
('0637670b-e530-47a3-bcbd-d0c00cb55a31', '123f8319-b846-4a04-85f5-e0611aa60fab', '761005ca-dc38-44ba-9b9d-8f9c6ad7163c'),
('92d32945-a8c7-4977-98d2-bd789e50c03b', 'd8e6fb90-266d-4ca0-893b-a18347ff6d4a', '761005ca-dc38-44ba-9b9d-8f9c6ad7163c'),
('a5e7bff0-435f-4497-8346-e07e349a0ca4', 'c6b6e231-16c4-4062-a717-2bd4a37fde3a', '761005ca-dc38-44ba-9b9d-8f9c6ad7163c'),
('e97f5d0e-5cb7-4b58-ac4d-c5ac32555437', '81fa3d3c-df41-4af6-a865-f085d58f3995', '761005ca-dc38-44ba-9b9d-8f9c6ad7163c'),
('1545e94d-eb0a-431d-87a9-64fb041efeef', '642de39e-c481-4697-97a9-056469d94db9', '761005ca-dc38-44ba-9b9d-8f9c6ad7163c');

-- TODO: 本番用に差し替える
INSERT INTO boards (id, high_card_id, middle_card_id, low_card_id) VALUES
('8a15b4c7-8d2f-4a05-a1bf-ae8c3625b952', '64d58043-d5ac-4a7a-b3e1-dbd9fca2d434', 'b093512c-e475-4786-943d-609e65b99542', 'fa3e57e3-272f-4460-ae76-1a29072aedfe');